{
  "id": "vortex-loader-1.0.0-1.21.8",
  "inheritsFrom": "1.21.8",
  "type": "release",
  "mainClass": "org.quiltmc.loader.impl.launch.knot.KnotClient",
  "arguments": {
    "game": []
  },
  "libraries": [
    {
      "name": "net.fabricmc:sponge-mixin:0.15.5+mixin.0.8.7",
      "url": "https://maven.fabricmc.net/"
    },
    {
      "name": "org.quiltmc:quilt-json5:1.0.4+final",
      "url": "https://maven.quiltmc.org/repository/release/"
    },
    {
      "name": "org.ow2.asm:asm:9.8",
      "url": "https://maven.fabricmc.net/"
    },
    {
      "name": "org.ow2.asm:asm-analysis:9.8",
      "url": "https://maven.fabricmc.net/"
    },
    {
      "name": "org.ow2.asm:asm-commons:9.8",
      "url": "https://maven.fabricmc.net/"
    },
    {
      "name": "org.ow2.asm:asm-tree:9.8",
      "url": "https://maven.fabricmc.net/"
    },
    {
      "name": "org.ow2.asm:asm-util:9.8",
      "url": "https://maven.fabricmc.net/"
    },
    {
      "name": "org.quiltmc:quilt-config:1.3.1",
      "url": "https://maven.quiltmc.org/repository/release/"
    },
    {
      "name": "org.quiltmc:hashed:1.21.8",
      "url": "https://maven.quiltmc.org/repository/release/"
    },
    {
      "name": "net.fabricmc:intermediary:1.21.8",
      "url": "https://maven.fabricmc.net/"
    },
    {
      "name": "org.quiltmc:quilt-loader:0.29.1",
      "url": "https://maven.quiltmc.org/repository/release/"
    }
  ],
  "releaseTime": "2025-08-13T13:00:14+0000",
  "time": "2025-08-13T13:00:14+0000"
}